Climb P,Climb I,Climb D
0.983555274082362,0.29385713604317,0.511292381335233
