Left_P,Left_I,Left_D,Left_F,Right_P,Right_I,Right_D,Right_F
0.651908569987492,0.322037075165607,0.302943481985926,0.244613352914924,0.655532839604195,0.832833470231207,0.179691264886398,0.221216464761981
