Flywheel_P,Flywheel_I,Flywheel_D,Flywheel_F,Flywheel_I,Flywheel_Min,Flywheel_Max
0.37115728556589,0.401854048897937,0.755702447377386,0.680790081094408,0.541245078766795,0.835254778951271,0.06408416380843
