Turret_Upper_Limit,Turret_Lower_Limit
0.963061199849275,0.358798485092922
