Left_P,Left_I,Left_D,Left_F,Right_P,Right_I,Right_D,Right_F
	0.000000,0.000000,0.000000,0.000000,0.000000,0.000000,0.000000,0.000000

