Intake_Speed,retract_delay(ms),extend_delay(ms)
0.920927860458747,0.679554781031749,0.487642001857814
