Top_IR_Threshold,Top_Middle_IR_Threshold,Bottom_Middle_IR_Threshold,Bottom_IR_Theshold,Loading_Speed,Firing_Speed,Unjam_Speed,Max_Magazine_Speed
0.382980111138757,0.460484357466836,0.409089567015208,0.110252248967782,0.831910221142389,0.412056045129812,0.581602222014338,0.478188393114578
